{
    "epoch": 7,
    "tr_loss": 0.045774320845194845,
    "tr_acc": 0.9915611814345991,
    "loss": 0.05996210855800052,
    "acc": 1.0,
    "f1m": 1.0,
    "f1w": 1.0,
    "recm": 1.0,
    "lr": 0.0009987915147510059,
    "total_duration_min": 0.7570282379786174
}