{
    "epoch": 17,
    "tr_loss": 0.06098162920693674,
    "tr_acc": 1.0,
    "loss": 0.22778031784434652,
    "acc": 0.9767441860465116,
    "f1m": 0.9777089783281735,
    "f1w": 0.976672186622507,
    "recm": 0.9777777777777779,
    "lr": 0.000992888023586158,
    "total_duration_min": 0.29979811906814574
}