{
    "epoch": 22,
    "tr_loss": 0.11100006366477293,
    "tr_acc": 0.9558823529411765,
    "loss": 0.2684718861299403,
    "acc": 0.8823529411764706,
    "f1m": 0.8781045751633987,
    "f1w": 0.8820069204152249,
    "recm": 0.8784722222222222,
    "lr": 0.0009881105062929212,
    "total_duration_min": 0.14040167729059855
}