{
    "epoch": 21,
    "tr_loss": 0.005519593137012947,
    "tr_acc": 0.9991771804717499,
    "loss": 0.24488573594420565,
    "acc": 0.9411764705882353,
    "f1m": 0.9419905974085542,
    "f1w": 0.9420641183890137,
    "recm": 0.9421296296296297,
    "lr": 0.0009891625428724354,
    "total_duration_min": 15.533467570940653
}