{
    "epoch": 12,
    "tr_loss": 0.35372309883435565,
    "tr_acc": 0.8823529411764706,
    "loss": 0.3041434545142978,
    "acc": 0.9215686274509803,
    "f1m": 0.9230664488017429,
    "f1w": 0.9210015378700501,
    "recm": 0.923611111111111,
    "lr": 0.0009964516155915146,
    "total_duration_min": 0.1289379318555196
}