{
    "epoch": 10,
    "tr_loss": 0.4074995716412862,
    "tr_acc": 0.8823529411764706,
    "loss": 0.3467191165568782,
    "acc": 0.9215686274509803,
    "f1m": 0.923611111111111,
    "f1w": 0.9212962962962964,
    "recm": 0.9259259259259259,
    "lr": 0.0009975348529157226,
    "total_duration_min": 0.12968090772628785
}