{
    "epoch": 31,
    "tr_loss": 0.02556127623892298,
    "tr_acc": 1.0,
    "loss": 0.33750777209506316,
    "acc": 0.9019607843137255,
    "f1m": 0.9029139433551198,
    "f1w": 0.902841855696527,
    "recm": 0.9050925925925926,
    "lr": 0.0009764957845043121,
    "total_duration_min": 0.3987826704978943
}