{
    "epoch": 7,
    "tr_loss": 0.027353238464082212,
    "tr_acc": 0.9929984779299847,
    "loss": 0.169529475125612,
    "acc": 0.9607843137254902,
    "f1m": 0.9615411076711387,
    "f1w": 0.9605860094295716,
    "recm": 0.9606481481481483,
    "lr": 0.0009987915147510059,
    "total_duration_min": 8.546102754275005
}