{
    "epoch": 12,
    "tr_loss": 0.1099274936159687,
    "tr_acc": 0.9881656804733728,
    "loss": 0.2724455193031666,
    "acc": 0.9767441860465116,
    "f1m": 0.9764705882352942,
    "f1w": 0.9767441860465116,
    "recm": 0.9777777777777779,
    "lr": 0.0009964516155915146,
    "total_duration_min": 0.5816338539123536
}