{
    "epoch": 33,
    "tr_loss": 0.07097932959304136,
    "tr_acc": 0.9705882352941176,
    "loss": 0.20353593195185943,
    "acc": 0.9705882352941176,
    "f1m": 0.9705882352941176,
    "f1w": 0.9705882352941176,
    "recm": 0.9722222222222222,
    "lr": 0.0009733963460294,
    "total_duration_min": 0.16627415815989177
}