{
    "epoch": 7,
    "tr_loss": 0.05408774486616992,
    "tr_acc": 0.9799196787148594,
    "loss": 0.11855923778870527,
    "acc": 1.0,
    "f1m": 1.0,
    "f1w": 1.0,
    "recm": 1.0,
    "lr": 0.0009987915147510059,
    "total_duration_min": 1.8915469288825988
}