{
    "epoch": 11,
    "tr_loss": 0.017362532014128736,
    "tr_acc": 0.9955817378497791,
    "loss": 0.1817233819587558,
    "acc": 0.9607843137254902,
    "f1m": 0.9615411076711387,
    "f1w": 0.9605860094295716,
    "recm": 0.9606481481481483,
    "lr": 0.000997017744520178,
    "total_duration_min": 10.199127654234568
}