{
    "epoch": 51,
    "tr_loss": 0.012962621545382575,
    "tr_acc": 1.0,
    "loss": 0.308679711877131,
    "acc": 0.9019607843137255,
    "f1m": 0.9053921568627451,
    "f1w": 0.9021337946943484,
    "recm": 0.9074074074074074,
    "lr": 0.0009373339121517733,
    "total_duration_min": 1.6862886746724446
}