{
    "epoch": 16,
    "tr_loss": 0.23869559256988165,
    "tr_acc": 0.9112426035502958,
    "loss": 0.24111269518386486,
    "acc": 0.9534883720930233,
    "f1m": 0.9550000000000001,
    "f1w": 0.9529069767441861,
    "recm": 0.9555555555555555,
    "lr": 0.0009936982166817265,
    "total_duration_min": 0.1261412779490153
}