{
    "epoch": 24,
    "tr_loss": 0.007391564181620882,
    "tr_acc": 0.9984682154710237,
    "loss": 0.23665832972847947,
    "acc": 0.9411764705882353,
    "f1m": 0.9428921568627452,
    "f1w": 0.9406862745098039,
    "recm": 0.9444444444444443,
    "lr": 0.000985862422507883,
    "total_duration_min": 11.138787571589152
}