{
    "epoch": 6,
    "tr_loss": 0.3957392732067221,
    "tr_acc": 0.8875739644970414,
    "loss": 0.6982487149016802,
    "acc": 0.9302325581395349,
    "f1m": 0.9328654970760233,
    "f1w": 0.9312933496532029,
    "recm": 0.9305555555555556,
    "lr": 0.000999112027792722,
    "total_duration_min": 0.08151231606801351
}