{
    "epoch": 6,
    "tr_loss": 0.029109972995672962,
    "tr_acc": 0.9938906752411576,
    "loss": 0.42722825033991946,
    "acc": 0.9215686274509803,
    "f1m": 0.9225217864923749,
    "f1w": 0.9212962962962964,
    "recm": 0.9259259259259259,
    "lr": 0.000999112027792722,
    "total_duration_min": 2.999296847979228
}