{
    "epoch": 15,
    "tr_loss": 0.010611000063363463,
    "tr_acc": 0.9990234375,
    "loss": 0.18327147808185842,
    "acc": 0.9534883720930233,
    "f1m": 0.9538493292053664,
    "f1w": 0.9532531739746083,
    "recm": 0.9527777777777778,
    "lr": 0.0009944597532678112,
    "total_duration_min": 0.9789209365844727
}