{
    "epoch": 21,
    "tr_loss": 0.21816306010153166,
    "tr_acc": 0.9112426035502958,
    "loss": 0.1725967963074529,
    "acc": 0.9534883720930233,
    "f1m": 0.9550000000000001,
    "f1w": 0.9529069767441861,
    "recm": 0.9555555555555555,
    "lr": 0.0009891625428724354,
    "total_duration_min": 0.16083813905715943
}