{
    "epoch": 22,
    "tr_loss": 0.007125309350503233,
    "tr_acc": 1.0,
    "loss": 0.05695320460397531,
    "acc": 1.0,
    "f1m": 1.0,
    "f1w": 1.0,
    "recm": 1.0,
    "lr": 0.0009881105062929212,
    "total_duration_min": 1.1634933431943257
}