{
    "epoch": 20,
    "tr_loss": 0.0408472024342593,
    "tr_acc": 1.0,
    "loss": 0.18406697581796086,
    "acc": 0.9705882352941176,
    "f1m": 0.9686274509803922,
    "f1w": 0.9704728950403692,
    "recm": 0.96875,
    "lr": 0.0009901664203302116,
    "total_duration_min": 0.26639298995335897
}