{
    "epoch": 36,
    "tr_loss": 0.01444585807621479,
    "tr_acc": 1.0,
    "loss": 0.04554686213240904,
    "acc": 1.0,
    "f1m": 1.0,
    "f1w": 1.0,
    "recm": 1.0,
    "lr": 0.0009683994186497116,
    "total_duration_min": 0.8913882613182068
}