{
    "epoch": 26,
    "tr_loss": 0.03637218298996694,
    "tr_acc": 0.9881656804733728,
    "loss": 0.21994037822235463,
    "acc": 0.9534883720930233,
    "f1m": 0.9549019607843137,
    "f1w": 0.9543547651618788,
    "recm": 0.9527777777777778,
    "lr": 0.000983423155058945,
    "total_duration_min": 0.892354424794515
}