{
    "epoch": 11,
    "tr_loss": 0.02269072757329348,
    "tr_acc": 0.9961139896373057,
    "loss": 0.09549527944520463,
    "acc": 0.9767441860465116,
    "f1m": 0.9777089783281735,
    "f1w": 0.976672186622507,
    "recm": 0.9777777777777779,
    "lr": 0.000997017744520178,
    "total_duration_min": 2.3423737406730654
}