{
    "epoch": 16,
    "tr_loss": 0.011004338216942125,
    "tr_acc": 0.9965858654831,
    "loss": 0.200484889979456,
    "acc": 0.9215686274509803,
    "f1m": 0.9235294117647058,
    "f1w": 0.9225169806484684,
    "recm": 0.923611111111111,
    "lr": 0.0009936982166817265,
    "total_duration_min": 7.503841777642568
}