{
    "epoch": 17,
    "tr_loss": 0.007317569896817544,
    "tr_acc": 0.9990574929311969,
    "loss": 0.1565344700979632,
    "acc": 0.9534883720930233,
    "f1m": 0.9555555555555555,
    "f1w": 0.9534883720930233,
    "recm": 0.9555555555555555,
    "lr": 0.000992888023586158,
    "total_duration_min": 2.8258661309878033
}