{
    "epoch": 8,
    "tr_loss": 0.3595932031700597,
    "tr_acc": 0.8579881656804734,
    "loss": 0.4404084793356962,
    "acc": 0.9069767441860465,
    "f1m": 0.9071010860484545,
    "f1w": 0.9061024654659906,
    "recm": 0.9055555555555556,
    "lr": 0.0009984217866622768,
    "total_duration_min": 0.0997752825419108
}