{
    "epoch": 14,
    "tr_loss": 0.07508298049311667,
    "tr_acc": 0.9940828402366864,
    "loss": 0.12674646876579107,
    "acc": 1.0,
    "f1m": 1.0,
    "f1w": 1.0,
    "recm": 1.0,
    "lr": 0.0009951725498333441,
    "total_duration_min": 0.2716678619384766
}